num_vuelo;dia_sem;destino;codigo;hora_salida;aeronave;pais;origen
  NOS7656;2022-03-13;AALBORG;AAL;15:15;7S8;DINAMARCA;TFS
  TRA6674;2022-03-07;AMSTERDAM/SCHIPHOL;AMS;10:50;73H;HOLANDA;TFS
  EJU7942;2022-03-13;AMSTERDAM/SCHIPHOL;AMS;11:25;320;HOLANDA;TFS
  TRA6674;2022-03-09;AMSTERDAM/SCHIPHOL;AMS;11:30;73H;HOLANDA;TFS
  VLG8445;2022-03-13;AMSTERDAM/SCHIPHOL;AMS;11:40;320;HOLANDA;TFS
  EJU7942;2022-03-08;AMSTERDAM/SCHIPHOL;AMS;11:55;320;HOLANDA;TFS
  TFL584;2022-03-11;AMSTERDAM/SCHIPHOL;AMS;14:30;7M8;HOLANDA;TFS
  TFL664;2022-03-10;AMSTERDAM/SCHIPHOL;AMS;15:30;7M8;HOLANDA;TFS
  TFL567;2022-03-13;AMSTERDAM/SCHIPHOL;AMS;16:20;7M8;HOLANDA;TFS
  TFL562;2022-03-11;AMSTERDAM/SCHIPHOL;AMS;16:30;7M8;HOLANDA;TFS
  EJU7942;2022-03-12;AMSTERDAM/SCHIPHOL;AMS;16:40;320;HOLANDA;TFS
  TFL579;2022-03-09;AMSTERDAM/SCHIPHOL;AMS;16:45;7M8;HOLANDA;TFS
  TFL652;2022-03-08;AMSTERDAM/SCHIPHOL;AMS;16:50;7M8;HOLANDA;TFS
  TFL654;2022-03-07;AMSTERDAM/SCHIPHOL;AMS;17:05;788;HOLANDA;TFS
  TRA6672;2022-03-12;AMSTERDAM/SCHIPHOL;AMS;18:30;73H;HOLANDA;TFS
  TRA6672;2022-03-13;AMSTERDAM/SCHIPHOL;AMS;18:35;73H;HOLANDA;TFS
  TRA6674;2022-03-11;AMSTERDAM/SCHIPHOL;AMS;18:50;73H;HOLANDA;TFS
  TFL670;2022-03-12;AMSTERDAM/SCHIPHOL;AMS;19:10;7M8;HOLANDA;TFS
  VOE3541;2022-03-12;ASTURIAS;OVD;15:15;319;ESPANIA;TFS
  RYR6377;2022-03-08;BARCELONA-EL PRAT J.T.;BCN;18:00;73H;ESPANIA;TFS
  RYR6377;2022-03-10;BARCELONA-EL PRAT J.T.;BCN;18:10;73H;ESPANIA;TFS
  RYR6377;2022-03-12;BARCELONA-EL PRAT J.T.;BCN;19:55;73H;ESPANIA;TFS
  CXI7254;2022-03-11;BASEL/MULHOUSE EUROAIRPORT CH;BSL;11:00;73H;SUIZA;TFS
  CXI7212;2022-03-07;BASEL/MULHOUSE EUROAIRPORT CH;BSL;13:35;73H;SUIZA;TFS
  EZS1226;2022-03-08;BASEL/MULHOUSE EUROAIRPORT CH;BSL;16:40;320;SUIZA;TFS
  EZS1226;2022-03-10;BASEL/MULHOUSE EUROAIRPORT CH;BSL;16:40;320;SUIZA;TFS
  EZS1226;2022-03-12;BASEL/MULHOUSE EUROAIRPORT CH;BSL;17:20;320;SUIZA;TFS
  EXS382;2022-03-12;BELFAST / INTERNACIONAL;BFS;13:55;73H;REINO-UNIDO;TFS
  EZY6764;2022-03-09;BELFAST / INTERNACIONAL;BFS;16:00;320;REINO-UNIDO;TFS
  EZY6764;2022-03-12;BELFAST / INTERNACIONAL;BFS;20:15;320;REINO-UNIDO;TFS
  RYR4067;2022-03-10;BERLIN BRANDENBURG;BER;11:05;73H;ALEMANIA;TFS
  RYR4067;2022-03-12;BERLIN BRANDENBURG;BER;11:35;73H;ALEMANIA;TFS
  RYR4067;2022-03-08;BERLIN BRANDENBURG;BER;11:40;73H;ALEMANIA;TFS
  RYR4067;2022-03-13;BERLIN BRANDENBURG;BER;12:25;73H;ALEMANIA;TFS
  EWG8291;2022-03-11;BERLIN BRANDENBURG;BER;12:30;32A;ALEMANIA;TFS
  EWG8291;2022-03-13;BERLIN BRANDENBURG;BER;12:55;32A;ALEMANIA;TFS
  CFG1217;2022-03-11;BERLIN BRANDENBURG;BER;13:10;32B;ALEMANIA;TFS
  EJU5916;2022-03-12;BERLIN BRANDENBURG;BER;16:05;320;ALEMANIA;TFS
  EJU5916;2022-03-07;BERLIN BRANDENBURG;BER;16:05;320;ALEMANIA;TFS
  EJU5916;2022-03-11;BERLIN BRANDENBURG;BER;16:05;320;ALEMANIA;TFS
  EJU5916;2022-03-10;BERLIN BRANDENBURG;BER;16:05;320;ALEMANIA;TFS
  EWG5397;2022-03-09;BERLIN BRANDENBURG;BER;16:10;32A;ALEMANIA;TFS
  RYR1122;2022-03-08;BIRMINGHAM / INTERNACIONAL;BHX;11:00;73H;REINO-UNIDO;TFS
  RYR1122;2022-03-13;BIRMINGHAM / INTERNACIONAL;BHX;11:10;73H;REINO-UNIDO;TFS
  RYR1122;2022-03-10;BIRMINGHAM / INTERNACIONAL;BHX;11:45;73H;REINO-UNIDO;TFS
  EXS1266;2022-03-07;BIRMINGHAM / INTERNACIONAL;BHX;13:00;73H;REINO-UNIDO;TFS
  EXS1266;2022-03-13;BIRMINGHAM / INTERNACIONAL;BHX;13:00;73H;REINO-UNIDO;TFS
  EXS1294;2022-03-08;BIRMINGHAM / INTERNACIONAL;BHX;15:35;73H;REINO-UNIDO;TFS
  EXS1294;2022-03-11;BIRMINGHAM / INTERNACIONAL;BHX;16:15;73H;REINO-UNIDO;TFS
  RYR1122;2022-03-12;BIRMINGHAM / INTERNACIONAL;BHX;17:35;73H;REINO-UNIDO;TFS
  EXS1294;2022-03-13;BIRMINGHAM / INTERNACIONAL;BHX;19:55;73H;REINO-UNIDO;TFS
  RYR4898;2022-03-07;BOLONIA/ GUGLIELMO MARCONI;BLQ;11:25;7M8;ITALIA;TFS
  RYR4898;2022-03-08;BOLONIA/ GUGLIELMO MARCONI;BLQ;16:10;73H;ITALIA;TFS
  RYR4898;2022-03-12;BOLONIA/ GUGLIELMO MARCONI;BLQ;16:40;73H;ITALIA;TFS
  RYR4898;2022-03-10;BOLONIA/ GUGLIELMO MARCONI;BLQ;19:10;7M8;ITALIA;TFS
  RYR6763;2022-03-11;BOURNEMOUTH  INTL;BOH;17:30;73H;REINO-UNIDO;TFS
  RYR6763;2022-03-07;BOURNEMOUTH  INTL;BOH;17:45;73H;REINO-UNIDO;TFS
  RYR4754;2022-03-08;BRISTOL;BRS;11:50;73H;REINO-UNIDO;TFS
  RYR4754;2022-03-12;BRISTOL;BRS;12:05;73H;REINO-UNIDO;TFS
  RYR4754;2022-03-10;BRISTOL;BRS;12:05;73H;REINO-UNIDO;TFS
  EZY6096;2022-03-13;BRISTOL;BRS;12:20;32Q;REINO-UNIDO;TFS
  EXS1892;2022-03-11;BRISTOL;BRS;13:45;73H;REINO-UNIDO;TFS
  EXS1892;2022-03-13;BRISTOL;BRS;13:55;73H;REINO-UNIDO;TFS
  EXS1892;2022-03-08;BRISTOL;BRS;14:30;73H;REINO-UNIDO;TFS
  EXS1892;2022-03-10;BRISTOL;BRS;15:00;73H;REINO-UNIDO;TFS
  EZY6096;2022-03-09;BRISTOL;BRS;18:20;320;REINO-UNIDO;TFS
  EZY6096;2022-03-07;BRISTOL;BRS;18:40;32Q;REINO-UNIDO;TFS
  EZY6096;2022-03-10;BRISTOL;BRS;18:40;32Q;REINO-UNIDO;TFS
  EZY6096;2022-03-08;BRISTOL;BRS;18:40;32Q;REINO-UNIDO;TFS
  EXS1892;2022-03-12;BRISTOL;BRS;18:55;73H;REINO-UNIDO;TFS
  EZY6096;2022-03-11;BRISTOL;BRS;19:05;32Q;REINO-UNIDO;TFS
  EZY6096;2022-03-12;BRISTOL;BRS;19:40;320;REINO-UNIDO;TFS
  BEL3782;2022-03-13;BRUSELAS;BRU;10:25;320;BELGICA;TFS
  JAF1752;2022-03-10;BRUSELAS;BRU;10:30;73H;BELGICA;TFS
  JAF1752;2022-03-13;BRUSELAS;BRU;10:40;73H;BELGICA;TFS
  JAF1754;2022-03-12;BRUSELAS;BRU;10:55;73H;BELGICA;TFS
  JAF1765;2022-03-12;BRUSELAS;BRU;12:15;7M8;BELGICA;TFS
  BEL3782;2022-03-12;BRUSELAS;BRU;12:20;320;BELGICA;TFS
  JAF1569;2022-03-09;BRUSELAS;BRU;13:50;7M8;BELGICA;TFS
  BEL3782;2022-03-09;BRUSELAS;BRU;17:40;320;BELGICA;TFS
  JAF1752;2022-03-08;BRUSELAS;BRU;17:40;7M8;BELGICA;TFS
  JAF1754;2022-03-11;BRUSELAS;BRU;17:55;7M8;BELGICA;TFS
  JAF1661;2022-03-12;BRUSELAS;BRU;18:40;73H;BELGICA;TFS
  JAF1772;2022-03-13;BRUSELAS/CHARLEROI;CRL;10:35;73H;BELGICA;TFS
  RYR8179;2022-03-11;BRUSELAS/CHARLEROI;CRL;10:35;7M8;BELGICA;TFS
  RYR8179;2022-03-09;BRUSELAS/CHARLEROI;CRL;10:40;73H;BELGICA;TFS
  RYR8179;2022-03-13;BRUSELAS/CHARLEROI;CRL;10:40;73H;BELGICA;TFS
  RYR8179;2022-03-07;BRUSELAS/CHARLEROI;CRL;16:55;73H;BELGICA;TFS
  RYR8179;2022-03-10;BRUSELAS/CHARLEROI;CRL;17:20;73H;BELGICA;TFS
  RYR8179;2022-03-12;BRUSELAS/CHARLEROI;CRL;17:20;73H;BELGICA;TFS
  RYR8179;2022-03-08;BRUSELAS/CHARLEROI;CRL;17:20;73H;BELGICA;TFS
  JAF1772;2022-03-11;BRUSELAS/CHARLEROI;CRL;17:30;73H;BELGICA;TFS
  WZZ3022;2022-03-07;BUCAREST /OTOPENI INTERNACIONA;OTP;17:25;321;RUMANIA;TFS
  WZZ3022;2022-03-11;BUCAREST /OTOPENI INTERNACIONA;OTP;19:25;321;RUMANIA;TFS
  WZZ2494;2022-03-11;BUDAPEST/ FERIHEGY;BUD;18:00;321;HUNGRIA;TFS
  WZZ2494;2022-03-07;BUDAPEST/ FERIHEGY;BUD;18:00;321;HUNGRIA;TFS
  VOE2421;2022-03-12;BURDEOS;BOD;10:20;319;FRANCIA;TFS
  EJU1776;2022-03-09;BURDEOS;BOD;16:15;320;FRANCIA;TFS
  EJU1776;2022-03-12;BURDEOS;BOD;18:00;320;FRANCIA;TFS
  ENT7346;2022-03-10;CHOPINA W WARSZAWIE;WAW;15:10;738;POLONIA;TFS
  WZZ1496;2022-03-10;CHOPINA W WARSZAWIE;WAW;16:35;321;POLONIA;TFS
  CXI1052;2022-03-11;COLONIA/BONN;CGN;10:40;73H;ALEMANIA;TFS
  CXI1016;2022-03-07;COLONIA/BONN;CGN;10:40;73H;ALEMANIA;TFS
  RYR1034;2022-03-13;COLONIA/BONN;CGN;10:50;73H;ALEMANIA;TFS
  RYR1034;2022-03-09;COLONIA/BONN;CGN;11:00;73H;ALEMANIA;TFS
  EWG5451;2022-03-09;COLONIA/BONN;CGN;12:05;32A;ALEMANIA;TFS
  EWG253;2022-03-07;COLONIA/BONN;CGN;16:20;319;ALEMANIA;TFS
  SAS2628;2022-03-12;COPENHAGUE;CPH;14:05;32N;DINAMARCA;TFS
  SAS2628;2022-03-08;COPENHAGUE;CPH;14:50;32N;DINAMARCA;TFS
  NSZ3675;2022-03-12;COPENHAGUE;CPH;17:15;73H;DINAMARCA;TFS
  NSZ3675;2022-03-08;COPENHAGUE;CPH;17:40;73H;DINAMARCA;TFS
  EIN875;2022-03-10;CORK;ORK;11:35;320;IRLANDA;TFS
  RYR1401;2022-03-07;CORK;ORK;17:35;73H;IRLANDA;TFS
  EIN875;2022-03-07;CORK;ORK;17:45;320;IRLANDA;TFS
  RYR1401;2022-03-11;CORK;ORK;18:45;73H;IRLANDA;TFS
  RYR4514;2022-03-08;CRACOVIA /JUAN PABLO II INTERN;KRK;11:50;7M8;POLONIA;TFS
  RYR4514;2022-03-12;CRACOVIA /JUAN PABLO II INTERN;KRK;12:15;7M8;POLONIA;TFS
  WUK5928;2022-03-12;DONCASTER SHEFFIELD ROBIN HOOD;DSA;12:55;321;REINO-UNIDO;TFS
  RYR7123;2022-03-10;DUBLIN;DUB;11:15;7M8;IRLANDA;TFS
  RYR7123;2022-03-12;DUBLIN;DUB;13:25;73H;IRLANDA;TFS
  RYR7123;2022-03-13;DUBLIN;DUB;19:00;7M8;IRLANDA;TFS
  EIN765;2022-03-11;DUBLIN;DUB;19:05;320;IRLANDA;TFS
  RYR7123;2022-03-11;DUBLIN;DUB;19:20;7M8;IRLANDA;TFS
  RYR7123;2022-03-08;DUBLIN;DUB;19:30;7M8;IRLANDA;TFS
  EWG9559;2022-03-11;DUSSELDORF;DUS;11:30;32A;ALEMANIA;TFS
  TUI2119;2022-03-12;DUSSELDORF;DUS;12:15;7S8;ALEMANIA;TFS
  CXI4078;2022-03-13;DUSSELDORF;DUS;12:45;73H;ALEMANIA;TFS
  CXI4044;2022-03-10;DUSSELDORF;DUS;12:45;73H;ALEMANIA;TFS
  EWG9561;2022-03-12;DUSSELDORF;DUS;13:00;32A;ALEMANIA;TFS
  CFG1434;2022-03-09;DUSSELDORF;DUS;13:30;75T;ALEMANIA;TFS
  EWG5453;2022-03-09;DUSSELDORF;DUS;14:35;32A;ALEMANIA;TFS
  CFG1428;2022-03-11;DUSSELDORF;DUS;14:55;75T;ALEMANIA;TFS
  TUI2119;2022-03-08;DUSSELDORF;DUS;16:05;7S8;ALEMANIA;TFS
  EWG9559;2022-03-07;DUSSELDORF;DUS;16:15;32A;ALEMANIA;TFS
  EWG4559;2022-03-13;DUSSELDORF;DUS;16:15;32A;ALEMANIA;TFS
  EWG9559;2022-03-10;DUSSELDORF;DUS;16:20;32A;ALEMANIA;TFS
  CFG1429;2022-03-13;DUSSELDORF;DUS;16:55;320;ALEMANIA;TFS
  TUI2453;2022-03-10;DUSSELDORF;DUS;17:00;7S8;ALEMANIA;TFS
  TUI2119;2022-03-09;DUSSELDORF;DUS;17:00;7S8;ALEMANIA;TFS
  TUI2119;2022-03-10;DUSSELDORF;DUS;17:00;7S8;ALEMANIA;TFS
  CFG1429;2022-03-12;DUSSELDORF;DUS;17:20;320;ALEMANIA;TFS
  RYR3153;2022-03-13;EAST MIDLANDS;EMA;12:15;73H;REINO-UNIDO;TFS
  RYR3153;2022-03-12;EAST MIDLANDS;EMA;12:30;73H;REINO-UNIDO;TFS
  EXS634;2022-03-12;EAST MIDLANDS;EMA;14:35;73H;REINO-UNIDO;TFS
  EXS634;2022-03-09;EAST MIDLANDS;EMA;14:35;73H;REINO-UNIDO;TFS
  EXS634;2022-03-11;EAST MIDLANDS;EMA;14:40;73H;REINO-UNIDO;TFS
  EXS652;2022-03-13;EAST MIDLANDS;EMA;16:40;73H;REINO-UNIDO;TFS
  RYR3153;2022-03-11;EAST MIDLANDS;EMA;18:35;73H;REINO-UNIDO;TFS
  EXS652;2022-03-11;EAST MIDLANDS;EMA;19:15;73H;REINO-UNIDO;TFS
  RYR3153;2022-03-07;EAST MIDLANDS;EMA;20:35;73H;REINO-UNIDO;TFS
  RYR6622;2022-03-11;EDIMBURGO/ TURNHOUSE;EDI;11:55;73H;REINO-UNIDO;TFS
  RYR6622;2022-03-07;EDIMBURGO/ TURNHOUSE;EDI;12:00;73H;REINO-UNIDO;TFS
  EXS728;2022-03-12;EDIMBURGO/ TURNHOUSE;EDI;14:25;73H;REINO-UNIDO;TFS
  EXS728;2022-03-13;EDIMBURGO/ TURNHOUSE;EDI;15:00;73H;REINO-UNIDO;TFS
  EZY6950;2022-03-09;EDIMBURGO/ TURNHOUSE;EDI;16:25;320;REINO-UNIDO;TFS
  RYR6622;2022-03-13;EDIMBURGO/ TURNHOUSE;EDI;17:30;73H;REINO-UNIDO;TFS
  EZY6950;2022-03-11;EDIMBURGO/ TURNHOUSE;EDI;18:35;320;REINO-UNIDO;TFS
  RYR6622;2022-03-12;EDIMBURGO/ TURNHOUSE;EDI;18:55;73H;REINO-UNIDO;TFS
  RYR6622;2022-03-09;EDIMBURGO/ TURNHOUSE;EDI;19:50;73H;REINO-UNIDO;TFS
  EZY6950;2022-03-07;EDIMBURGO/ TURNHOUSE;EDI;20:15;320;REINO-UNIDO;TFS
  EXS740;2022-03-11;EDIMBURGO/ TURNHOUSE;EDI;20:50;73H;REINO-UNIDO;TFS
  TRA6216;2022-03-13;EINDHOVEN;EIN;11:40;73H;HOLANDA;TFS
  TRA6216;2022-03-07;EINDHOVEN;EIN;11:40;73H;HOLANDA;TFS
  TFL591;2022-03-08;EINDHOVEN;EIN;12:10;73H;HOLANDA;TFS
  TFL597;2022-03-10;EINDHOVEN;EIN;14:10;73H;HOLANDA;TFS
  TFL599;2022-03-13;EINDHOVEN;EIN;15:25;73H;HOLANDA;TFS
  TFL618;2022-03-11;EINDHOVEN;EIN;15:40;73H;HOLANDA;TFS
  TRA6216;2022-03-10;EINDHOVEN;EIN;16:45;73H;HOLANDA;TFS
  SAS2099;2022-03-12;ESTOCOLMO/ARLANDA;ARN;13:30;32N;SUECIA;TFS
  NSZ4272;2022-03-12;ESTOCOLMO/ARLANDA;ARN;17:15;73H;SUECIA;TFS
  NSZ4272;2022-03-08;ESTOCOLMO/ARLANDA;ARN;18:35;73H;SUECIA;TFS
  RYR5553;2022-03-12;FRANKFURT /HAHN;HHN;11:15;73H;ALEMANIA;TFS
  RYR5553;2022-03-08;FRANKFURT /HAHN;HHN;16:50;73H;ALEMANIA;TFS
  RYR5553;2022-03-10;FRANKFURT /HAHN;HHN;17:40;73H;ALEMANIA;TFS
  RYR1589;2022-03-12;FRANKFURT/INTERNACIONAL;FRA;10:35;73H;ALEMANIA;TFS
  RYR1589;2022-03-07;FRANKFURT/INTERNACIONAL;FRA;11:35;73H;ALEMANIA;TFS
  TUI2529;2022-03-10;FRANKFURT/INTERNACIONAL;FRA;12:40;7S8;ALEMANIA;TFS
  TUI2143;2022-03-09;FRANKFURT/INTERNACIONAL;FRA;12:40;7M8;ALEMANIA;TFS
  CFG1479;2022-03-12;FRANKFURT/INTERNACIONAL;FRA;13:20;32B;ALEMANIA;TFS
  CFG1479;2022-03-09;FRANKFURT/INTERNACIONAL;FRA;13:35;32B;ALEMANIA;TFS
  DLH1501;2022-03-12;FRANKFURT/INTERNACIONAL;FRA;14:15;32Q;ALEMANIA;TFS
  OCN307;2022-03-13;FRANKFURT/INTERNACIONAL;FRA;14:25;32A;ALEMANIA;TFS
  CFG1478;2022-03-11;FRANKFURT/INTERNACIONAL;FRA;14:50;75T;ALEMANIA;TFS
  OCN307;2022-03-10;FRANKFURT/INTERNACIONAL;FRA;15:00;32A;ALEMANIA;TFS
  OCN307;2022-03-11;FRANKFURT/INTERNACIONAL;FRA;15:00;32A;ALEMANIA;TFS
  CFG1478;2022-03-10;FRANKFURT/INTERNACIONAL;FRA;15:05;32B;ALEMANIA;TFS
  CFG1479;2022-03-13;FRANKFURT/INTERNACIONAL;FRA;16:40;320;ALEMANIA;TFS
  CFG1478;2022-03-07;FRANKFURT/INTERNACIONAL;FRA;16:40;32B;ALEMANIA;TFS
  EZS1542;2022-03-12;GINEBRA/COINTRIN;GVA;11:30;320;SUIZA;TFS
  EZS1542;2022-03-08;GINEBRA/COINTRIN;GVA;15:30;320;SUIZA;TFS
  EXS156;2022-03-12;GLASGOW /GLASGOW INTERNACIONAL;GLA;14:25;73H;REINO-UNIDO;TFS
  EXS126;2022-03-08;GLASGOW /GLASGOW INTERNACIONAL;GLA;16:25;73H;REINO-UNIDO;TFS
  EZY6894;2022-03-09;GLASGOW /GLASGOW INTERNACIONAL;GLA;17:15;320;REINO-UNIDO;TFS
  EZY6894;2022-03-13;GLASGOW /GLASGOW INTERNACIONAL;GLA;18:05;320;REINO-UNIDO;TFS
  EZY6894;2022-03-12;GLASGOW /GLASGOW INTERNACIONAL;GLA;18:15;320;REINO-UNIDO;TFS
  EXS126;2022-03-11;GLASGOW /GLASGOW INTERNACIONAL;GLA;20:35;73H;REINO-UNIDO;TFS
  EXS160;2022-03-11;GLASGOW /GLASGOW INTERNACIONAL;GLA;20:45;73H;REINO-UNIDO;TFS
  RYR654;2022-03-13;GLASGOW /PRESTWICK;PIK;11:30;73H;REINO-UNIDO;TFS
  RYR654;2022-03-11;GLASGOW /PRESTWICK;PIK;19:00;73H;REINO-UNIDO;TFS
  RYR654;2022-03-12;GLASGOW /PRESTWICK;PIK;19:00;73H;REINO-UNIDO;TFS
  RYR654;2022-03-07;GLASGOW /PRESTWICK;PIK;19:20;73H;REINO-UNIDO;TFS
  IBB150;2022-03-12;GRAN CANARIA;LPA;15:00;AT7;ESPANIA;TFS
  EWG7533;2022-03-10;HAMBURGO/ FUHLSBUETTEL;HAM;12:05;32A;ALEMANIA;TFS
  EWG7533;2022-03-13;HAMBURGO/ FUHLSBUETTEL;HAM;12:15;32A;ALEMANIA;TFS
  EWG7533;2022-03-11;HAMBURGO/ FUHLSBUETTEL;HAM;12:35;319;ALEMANIA;TFS
  CFG1449;2022-03-11;HAMBURGO/ FUHLSBUETTEL;HAM;13:15;320;ALEMANIA;TFS
  CFG1449;2022-03-09;HAMBURGO/ FUHLSBUETTEL;HAM;13:40;75T;ALEMANIA;TFS
  CFG1449;2022-03-13;HAMBURGO/ FUHLSBUETTEL;HAM;14:50;320;ALEMANIA;TFS
  CFG1449;2022-03-07;HAMBURGO/ FUHLSBUETTEL;HAM;15:00;320;ALEMANIA;TFS
  EWG7533;2022-03-08;HAMBURGO/ FUHLSBUETTEL;HAM;15:10;32A;ALEMANIA;TFS
  EWG7533;2022-03-12;HAMBURGO/ FUHLSBUETTEL;HAM;16:25;32A;ALEMANIA;TFS
  CFG1449;2022-03-12;HAMBURGO/ FUHLSBUETTEL;HAM;16:25;320;ALEMANIA;TFS
  CXI2252;2022-03-11;HANNOVER;HAJ;11:55;73H;ALEMANIA;TFS
  CXI2220;2022-03-07;HANNOVER;HAJ;12:05;73H;ALEMANIA;TFS
  TUI2145;2022-03-08;HANNOVER;HAJ;13:20;7S8;ALEMANIA;TFS
  CFG9487;2022-03-13;HANNOVER;HAJ;16:10;320;ALEMANIA;TFS
  TUI2145;2022-03-10;HANNOVER;HAJ;16:50;7S8;ALEMANIA;TFS
  TUI2145;2022-03-12;HANNOVER;HAJ;16:50;7S8;ALEMANIA;TFS
  TUI2347;2022-03-10;HANNOVER;HAJ;18:00;7S8;ALEMANIA;TFS
  NSZ2879;2022-03-08;HELSINKI / HELSINKI-VANTAA;HEL;15:55;73H;FINLANDIA;TFS
  NSZ2877;2022-03-12;HELSINKI / HELSINKI-VANTAA;HEL;22:40;73H;FINLANDIA;TFS
  NSZ2879;2022-03-10;HELSINKI / HELSINKI-VANTAA;HEL;22:45;73H;FINLANDIA;TFS
  NSZ2879;2022-03-11;HELSINKI / HELSINKI-VANTAA;HEL;23:05;73H;FINLANDIA;TFS
  RYR3324;2022-03-12;KARLSRUHE-BADEN BAD/SOELLINGEN;FKB;10:10;73H;ALEMANIA;TFS
  RYR3324;2022-03-07;KARLSRUHE-BADEN BAD/SOELLINGEN;FKB;10:15;73H;ALEMANIA;TFS
  ENT7370;2022-03-10;KATOWICE / PYRZOWICE;KTW;15:10;738;POLONIA;TFS
  WZZ1180;2022-03-09;KATOWICE / PYRZOWICE;KTW;17:20;321;POLONIA;TFS
  WZZ1180;2022-03-12;KATOWICE / PYRZOWICE;KTW;20:00;321;POLONIA;TFS
  NOS3925;2022-03-09;KEFLAVIK INTERNATIONAL;KEF;14:40;7M8;ISLANDIA;TFS
  NOS1925;2022-03-07;KEFLAVIK INTERNATIONAL;KEF;14:40;7S8;ISLANDIA;TFS
  FPY0621;2022-03-08;KEFLAVIK INTERNATIONAL;KEF;16:00;32Q;ISLANDIA;TFS
  FPY0621;2022-03-12;KEFLAVIK INTERNATIONAL;KEF;16:00;32Q;ISLANDIA;TFS
  EXS224;2022-03-12;LEEDS /LEEDS-BRADFORD;LBA;14:00;73H;REINO-UNIDO;TFS
  EXS224;2022-03-09;LEEDS /LEEDS-BRADFORD;LBA;14:00;73H;REINO-UNIDO;TFS
  EXS224;2022-03-08;LEEDS /LEEDS-BRADFORD;LBA;14:10;73H;REINO-UNIDO;TFS
  RYR2493;2022-03-10;LEEDS /LEEDS-BRADFORD;LBA;15:15;73H;REINO-UNIDO;TFS
  EXS244;2022-03-11;LEEDS /LEEDS-BRADFORD;LBA;16:00;73H;REINO-UNIDO;TFS
  EXS244;2022-03-08;LEEDS /LEEDS-BRADFORD;LBA;16:10;73H;REINO-UNIDO;TFS
  EXS244;2022-03-13;LEEDS /LEEDS-BRADFORD;LBA;18:10;73H;REINO-UNIDO;TFS
  CFG1467;2022-03-07;LEIPZIG;LEJ;15:05;32B;ALEMANIA;TFS
  CFG1467;2022-03-11;LEIPZIG;LEJ;15:20;32B;ALEMANIA;TFS
  JAF1603;2022-03-13;LIEGE /BIERSET;LGG;13:45;73H;BELGICA;TFS
  JAF1603;2022-03-11;LIEGE /BIERSET;LGG;13:45;73H;BELGICA;TFS
  TAP1127;2022-03-07;LISBOA;LIS;14:15;E90;PORTUGAL;TFS
  RYR3282;2022-03-08;LISBOA;LIS;14:20;73H;PORTUGAL;TFS
  TAP1127;2022-03-12;LISBOA;LIS;14:55;320;PORTUGAL;TFS
  RYR3282;2022-03-12;LISBOA;LIS;19:30;73H;PORTUGAL;TFS
  RYR3282;2022-03-10;LISBOA;LIS;19:55;73H;PORTUGAL;TFS
  EZY7170;2022-03-09;LIVERPOOL /INTERNACIONAL;LPL;18:40;320;REINO-UNIDO;TFS
  EZY7170;2022-03-10;LIVERPOOL /INTERNACIONAL;LPL;18:40;320;REINO-UNIDO;TFS
  EZY7170;2022-03-12;LIVERPOOL /INTERNACIONAL;LPL;20:00;320;REINO-UNIDO;TFS
  BAW2731;2022-03-10;LONDRES / HEATHROW;LHR;12:20;320;REINO-UNIDO;TFS
  BAW2731;2022-03-13;LONDRES / HEATHROW;LHR;12:20;320;REINO-UNIDO;TFS
  BAW2731;2022-03-08;LONDRES / HEATHROW;LHR;13:55;320;REINO-UNIDO;TFS
  BAW2731;2022-03-11;LONDRES / HEATHROW;LHR;13:55;320;REINO-UNIDO;TFS
  BAW2731;2022-03-07;LONDRES / HEATHROW;LHR;14:15;320;REINO-UNIDO;TFS
  BAW2731;2022-03-09;LONDRES / HEATHROW;LHR;14:20;320;REINO-UNIDO;TFS
  BAW2665;2022-03-12;LONDRES / HEATHROW;LHR;14:35;32N;REINO-UNIDO;TFS
  BAW2703;2022-03-10;LONDRES / HEATHROW;LHR;14:50;32N;REINO-UNIDO;TFS
  BAW415;2022-03-12;LONDRES / HEATHROW;LHR;15:15;32N;REINO-UNIDO;TFS
  BAW2703;2022-03-12;LONDRES / HEATHROW;LHR;16:25;321;REINO-UNIDO;TFS
  BAW2665;2022-03-11;LONDRES / HEATHROW;LHR;16:55;320;REINO-UNIDO;TFS
  BAW2703;2022-03-13;LONDRES / HEATHROW;LHR;17:55;320;REINO-UNIDO;TFS
  BAW415;2022-03-11;LONDRES / HEATHROW;LHR;17:55;321;REINO-UNIDO;TFS
  RYR3514;2022-03-09;LONDRES /LUTON APT;LTN;11:40;73H;REINO-UNIDO;TFS
  EZY2038;2022-03-11;LONDRES /LUTON APT;LTN;12:15;320;REINO-UNIDO;TFS
  EZY2040;2022-03-08;LONDRES /LUTON APT;LTN;12:45;320;REINO-UNIDO;TFS
  EZY2038;2022-03-10;LONDRES /LUTON APT;LTN;12:55;320;REINO-UNIDO;TFS
  EZY2040;2022-03-12;LONDRES /LUTON APT;LTN;15:45;320;REINO-UNIDO;TFS
  RYR3514;2022-03-13;LONDRES /LUTON APT;LTN;18:45;73H;REINO-UNIDO;TFS
  EZY2038;2022-03-12;LONDRES /LUTON APT;LTN;18:55;320;REINO-UNIDO;TFS
  WUK8130;2022-03-13;LONDRES /LUTON APT;LTN;21:30;321;REINO-UNIDO;TFS
  WUK8130;2022-03-11;LONDRES /LUTON APT;LTN;21:30;321;REINO-UNIDO;TFS
  WUK8130;2022-03-09;LONDRES /LUTON APT;LTN;21:30;321;REINO-UNIDO;TFS
  RYR8167;2022-03-07;LONDRES /STANSTED;STN;11:15;7M8;REINO-UNIDO;TFS
  RYR8167;2022-03-10;LONDRES /STANSTED;STN;11:20;7M8;REINO-UNIDO;TFS
  RYR8167;2022-03-11;LONDRES /STANSTED;STN;11:20;7M8;REINO-UNIDO;TFS
  EXS1664;2022-03-12;LONDRES /STANSTED;STN;15:30;73H;REINO-UNIDO;TFS
  EXS1494;2022-03-13;LONDRES /STANSTED;STN;16:15;73H;REINO-UNIDO;TFS
  EXS1494;2022-03-10;LONDRES /STANSTED;STN;16:40;73H;REINO-UNIDO;TFS
  RYR8157;2022-03-07;LONDRES /STANSTED;STN;18:05;7M8;REINO-UNIDO;TFS
  EXS1494;2022-03-12;LONDRES /STANSTED;STN;18:25;73H;REINO-UNIDO;TFS
  EZY8704;2022-03-12;LONDRES/GATWICK;LGW;12:10;320;REINO-UNIDO;TFS
  EZY8712;2022-03-07;LONDRES/GATWICK;LGW;12:15;320;REINO-UNIDO;TFS
  EZY8704;2022-03-10;LONDRES/GATWICK;LGW;13:20;32Q;REINO-UNIDO;TFS
  EZY8710;2022-03-12;LONDRES/GATWICK;LGW;14:40;320;REINO-UNIDO;TFS
  EZY8710;2022-03-11;LONDRES/GATWICK;LGW;16:10;320;REINO-UNIDO;TFS
  EZY8706;2022-03-12;LONDRES/GATWICK;LGW;19:05;32Q;REINO-UNIDO;TFS
  EZY8706;2022-03-13;LONDRES/GATWICK;LGW;19:40;32Q;REINO-UNIDO;TFS
  EZY8714;2022-03-13;LONDRES/GATWICK;LGW;20:55;32Q;REINO-UNIDO;TFS
  LGL712;2022-03-07;LUXEMBURGO;LUX;15:20;73H;LUXEMBURGO;TFS
  LGL712;2022-03-09;LUXEMBURGO;LUX;15:55;73H;LUXEMBURGO;TFS
  LGL714;2022-03-12;LUXEMBURGO;LUX;17:30;73H;LUXEMBURGO;TFS
  EJU4460;2022-03-12;LYON /SATOLAS;LYS;18:05;320;FRANCIA;TFS
  EJU4460;2022-03-09;LYON /SATOLAS;LYS;18:05;320;FRANCIA;TFS
  VOE2521;2022-03-13;LYON /SATOLAS;LYS;19:55;319;FRANCIA;TFS
  RYR2914;2022-03-08;MADRID-BARAJAS ADOLFO SUﾁREZ;MAD;10:00;73H;ESPANIA;TFS
  IBE3979;2022-03-13;MADRID-BARAJAS ADOLFO SUﾁREZ;MAD;11:00;320;ESPANIA;TFS
  IBE3979;2022-03-12;MADRID-BARAJAS ADOLFO SUﾁREZ;MAD;11:00;320;ESPANIA;TFS
  IBE3979;2022-03-11;MADRID-BARAJAS ADOLFO SUﾁREZ;MAD;11:00;320;ESPANIA;TFS
  RYR2914;2022-03-12;MADRID-BARAJAS ADOLFO SUﾁREZ;MAD;11:40;73H;ESPANIA;TFS
  RYR2914;2022-03-11;MADRID-BARAJAS ADOLFO SUﾁREZ;MAD;11:45;73H;ESPANIA;TFS
  RYR2914;2022-03-13;MADRID-BARAJAS ADOLFO SUﾁREZ;MAD;13:10;73H;ESPANIA;TFS
  RYR2914;2022-03-09;MADRID-BARAJAS ADOLFO SUﾁREZ;MAD;13:50;73H;ESPANIA;TFS
  RYR2914;2022-03-10;MADRID-BARAJAS ADOLFO SUﾁREZ;MAD;17:20;73H;ESPANIA;TFS
  RYR2914;2022-03-07;MADRID-BARAJAS ADOLFO SUﾁREZ;MAD;18:35;73H;ESPANIA;TFS
  IBE3929;2022-03-09;MADRID-BARAJAS ADOLFO SUﾁREZ;MAD;19:05;320;ESPANIA;TFS
  IBE3929;2022-03-07;MADRID-BARAJAS ADOLFO SUﾁREZ;MAD;19:05;320;ESPANIA;TFS
  IBE3929;2022-03-11;MADRID-BARAJAS ADOLFO SUﾁREZ;MAD;19:05;320;ESPANIA;TFS
  IBE3929;2022-03-13;MADRID-BARAJAS ADOLFO SUﾁREZ;MAD;19:05;320;ESPANIA;TFS
  IBE3929;2022-03-10;MADRID-BARAJAS ADOLFO SUﾁREZ;MAD;19:05;320;ESPANIA;TFS
  RYR3349;2022-03-08;MALAGA-COSTA DEL SOL;AGP;9:05;73H;ESPANIA;TFS
  RYR3349;2022-03-12;MALAGA-COSTA DEL SOL;AGP;12:55;73H;ESPANIA;TFS
  RYR4331;2022-03-10;MANCHESTER /INTERNACIONAL;MAN;11:05;73H;REINO-UNIDO;TFS
  RUK4333;2022-03-12;MANCHESTER /INTERNACIONAL;MAN;11:20;73H;REINO-UNIDO;TFS
  RYR4333;2022-03-11;MANCHESTER /INTERNACIONAL;MAN;11:20;73H;REINO-UNIDO;TFS
  RYR4333;2022-03-13;MANCHESTER /INTERNACIONAL;MAN;12:05;73H;REINO-UNIDO;TFS
  EZY1902;2022-03-09;MANCHESTER /INTERNACIONAL;MAN;12:20;320;REINO-UNIDO;TFS
  EZY1902;2022-03-07;MANCHESTER /INTERNACIONAL;MAN;12:50;320;REINO-UNIDO;TFS
  EZY1902;2022-03-10;MANCHESTER /INTERNACIONAL;MAN;12:55;320;REINO-UNIDO;TFS
  EZY1902;2022-03-08;MANCHESTER /INTERNACIONAL;MAN;13:10;320;REINO-UNIDO;TFS
  RUK5882;2022-03-07;MANCHESTER /INTERNACIONAL;MAN;13:25;73H;REINO-UNIDO;TFS
  EXS1768;2022-03-11;MANCHESTER /INTERNACIONAL;MAN;15:15;73H;REINO-UNIDO;TFS
  EXS918;2022-03-11;MANCHESTER /INTERNACIONAL;MAN;15:45;75W;REINO-UNIDO;TFS
  EXS918;2022-03-08;MANCHESTER /INTERNACIONAL;MAN;15:45;75W;REINO-UNIDO;TFS
  EXS918;2022-03-10;MANCHESTER /INTERNACIONAL;MAN;15:45;75W;REINO-UNIDO;TFS
  EXS756;2022-03-11;MANCHESTER /INTERNACIONAL;MAN;16:45;321;REINO-UNIDO;TFS
  EXS756;2022-03-08;MANCHESTER /INTERNACIONAL;MAN;16:45;321;REINO-UNIDO;TFS
  EXS756;2022-03-10;MANCHESTER /INTERNACIONAL;MAN;16:45;321;REINO-UNIDO;TFS
  EXS756;2022-03-07;MANCHESTER /INTERNACIONAL;MAN;17:00;73H;REINO-UNIDO;TFS
  EZY1904;2022-03-08;MANCHESTER /INTERNACIONAL;MAN;18:10;320;REINO-UNIDO;TFS
  EZY1904;2022-03-09;MANCHESTER /INTERNACIONAL;MAN;18:10;320;REINO-UNIDO;TFS
  EXS756;2022-03-12;MANCHESTER /INTERNACIONAL;MAN;18:15;75W;REINO-UNIDO;TFS
  EZY1904;2022-03-12;MANCHESTER /INTERNACIONAL;MAN;18:35;320;REINO-UNIDO;TFS
  RUK4331;2022-03-08;MANCHESTER /INTERNACIONAL;MAN;19:00;73H;REINO-UNIDO;TFS
  EXS1768;2022-03-12;MANCHESTER /INTERNACIONAL;MAN;19:05;75W;REINO-UNIDO;TFS
  RYR4331;2022-03-11;MANCHESTER /INTERNACIONAL;MAN;19:10;73H;REINO-UNIDO;TFS
  EZY1904;2022-03-10;MANCHESTER /INTERNACIONAL;MAN;19:15;320;REINO-UNIDO;TFS
  RYR4331;2022-03-13;MANCHESTER /INTERNACIONAL;MAN;19:20;73H;REINO-UNIDO;TFS
  RYR4333;2022-03-10;MANCHESTER /INTERNACIONAL;MAN;19:20;73H;REINO-UNIDO;TFS
  EXS772;2022-03-13;MANCHESTER /INTERNACIONAL;MAN;19:30;321;REINO-UNIDO;TFS
  EZY1908;2022-03-11;MANCHESTER /INTERNACIONAL;MAN;19:50;320;REINO-UNIDO;TFS
  RYR6739;2022-03-12;MARSELLA;MRS;9:55;73H;FRANCIA;TFS
  VOE2589;2022-03-12;MARSELLA;MRS;10:30;320;FRANCIA;TFS
  RYR6739;2022-03-08;MARSELLA;MRS;17:35;73H;FRANCIA;TFS
  VOE2589;2022-03-13;MARSELLA;MRS;18:55;320;FRANCIA;TFS
  RYR1038;2022-03-09;MEMMINGEN;FMM;11:20;73H;ALEMANIA;TFS
  RYR1038;2022-03-13;MEMMINGEN;FMM;16:25;73H;ALEMANIA;TFS
  RYR1810;2022-03-09;MILAN /MALPENSA;MXP;10:20;7M8;ITALIA;TFS
  EJU2588;2022-03-10;MILAN /MALPENSA;MXP;11:25;32Q;ITALIA;TFS
  NOS1460;2022-03-07;MILAN /MALPENSA;MXP;12:10;7S8;ITALIA;TFS
  EJU2588;2022-03-09;MILAN /MALPENSA;MXP;17:10;320;ITALIA;TFS
  EJU2588;2022-03-07;MILAN /MALPENSA;MXP;17:20;32Q;ITALIA;TFS
  EJU2588;2022-03-11;MILAN /MALPENSA;MXP;17:20;32Q;ITALIA;TFS
  EJU2588;2022-03-12;MILAN /MALPENSA;MXP;17:20;32Q;ITALIA;TFS
  EJU2588;2022-03-08;MILAN /MALPENSA;MXP;17:30;32Q;ITALIA;TFS
  EJU2588;2022-03-13;MILAN /MALPENSA;MXP;18:30;320;ITALIA;TFS
  EJU2590;2022-03-11;MILAN /MALPENSA;MXP;19:55;320;ITALIA;TFS
  RYR8839;2022-03-10;MILAN/BERGAMO;BGY;11:15;7M8;ITALIA;TFS
  RYR8839;2022-03-07;MILAN/BERGAMO;BGY;11:25;7M8;ITALIA;TFS
  AFL2549;2022-03-12;MOSCU /SHEREMETYEVO;SVO;20:45;32N;FEDERACION-RUSA;TFS
  CXI9058;2022-03-11;MUENSTER;FMO;17:55;73H;ALEMANIA;TFS
  TUI2197;2022-03-12;MUNICH /FRANZ JOSEF STRAUSS;MUC;12:00;7S8;ALEMANIA;TFS
  CFG1585;2022-03-11;MUNICH /FRANZ JOSEF STRAUSS;MUC;13:55;32B;ALEMANIA;TFS
  DLH1839;2022-03-13;MUNICH /FRANZ JOSEF STRAUSS;MUC;14:05;321;ALEMANIA;TFS
  TUI2196;2022-03-09;MUNICH /FRANZ JOSEF STRAUSS;MUC;14:20;7S8;ALEMANIA;TFS
  CFG1585;2022-03-07;MUNICH /FRANZ JOSEF STRAUSS;MUC;15:15;320;ALEMANIA;TFS
  TUI2703;2022-03-10;MUNICH /FRANZ JOSEF STRAUSS;MUC;15:35;7S8;ALEMANIA;TFS
  EJU3284;2022-03-13;NANTES / ATLANTIQUE;NTE;10:15;320;FRANCIA;TFS
  VOE2807;2022-03-12;NANTES / ATLANTIQUE;NTE;16:35;319;FRANCIA;TFS
  EJU7702;2022-03-12;NANTES / ATLANTIQUE;NTE;17:15;320;FRANCIA;TFS
  EJU7702;2022-03-08;NANTES / ATLANTIQUE;NTE;18:10;320;FRANCIA;TFS
  VOE2807;2022-03-13;NANTES / ATLANTIQUE;NTE;19:30;319;FRANCIA;TFS
  RYR8694;2022-03-10;NAPOLES;NAP;10:15;7M8;ITALIA;TFS
  RYR8694;2022-03-08;NAPOLES;NAP;10:30;7M8;ITALIA;TFS
  RYR8694;2022-03-12;NAPOLES;NAP;10:40;7M8;ITALIA;TFS
  EJU4858;2022-03-13;NAPOLES;NAP;12:00;320;ITALIA;TFS
  EJU4858;2022-03-08;NAPOLES;NAP;12:20;320;ITALIA;TFS
  EJU4858;2022-03-09;NAPOLES;NAP;16:40;320;ITALIA;TFS
  EXS518;2022-03-12;NEWCASTLE;NCL;14:45;73H;REINO-UNIDO;TFS
  EXS518;2022-03-09;NEWCASTLE;NCL;14:45;73H;REINO-UNIDO;TFS
  EXS518;2022-03-08;NEWCASTLE;NCL;14:50;73H;REINO-UNIDO;TFS
  EXS506;2022-03-11;NEWCASTLE;NCL;18:40;73H;REINO-UNIDO;TFS
  EXS506;2022-03-12;NEWCASTLE;NCL;19:30;73H;REINO-UNIDO;TFS
  EJU1602;2022-03-12;NIZA /COTE D-AZUR;NCE;18:00;320;FRANCIA;TFS
  EJU1602;2022-03-09;NIZA /COTE D-AZUR;NCE;18:00;320;FRANCIA;TFS
  CXI2180;2022-03-13;NUREMBERG;NUE;17:40;73H;ALEMANIA;TFS
  CXI2150;2022-03-10;NUREMBERG;NUE;18:25;73H;ALEMANIA;TFS
  JAF1802;2022-03-13;OOSTENDE-BRUGGE / OOSTENDEN;OST;10:50;7M8;BELGICA;TFS
  JAF1802;2022-03-10;OOSTENDE-BRUGGE / OOSTENDEN;OST;13:00;7M8;BELGICA;TFS
  JAF1802;2022-03-09;OOSTENDE-BRUGGE / OOSTENDEN;OST;21:10;7M8;BELGICA;TFS
  JAF1802;2022-03-12;OOSTENDE-BRUGGE / OOSTENDEN;OST;21:10;7M8;BELGICA;TFS
  RYR1207;2022-03-13;OPORTO;OPO;10:30;73H;PORTUGAL;TFS
  RYR1207;2022-03-10;OPORTO;OPO;13:15;73H;PORTUGAL;TFS
  NOZ1823;2022-03-12;OSLO / GARDERMOEN;OSL;16:10;73H;NORUEGA;TFS
  NOZ1823;2022-03-08;OSLO / GARDERMOEN;OSL;17:20;73H;NORUEGA;TFS
  RYR1513;2022-03-10;PARIS /BEAUVAIS-TILLE AIRPORT;BVA;17:10;7M8;FRANCIA;TFS
  RYR1513;2022-03-13;PARIS /BEAUVAIS-TILLE AIRPORT;BVA;17:20;7M8;FRANCIA;TFS
  TVF3121;2022-03-08;PARIS /ORLY;ORY;10:05;73H;FRANCIA;TFS
  TVF3121;2022-03-10;PARIS /ORLY;ORY;10:05;73H;FRANCIA;TFS
  VLG3131;2022-03-12;PARIS /ORLY;ORY;10:30;320;FRANCIA;TFS
  TVF3121;2022-03-12;PARIS /ORLY;ORY;10:35;73H;FRANCIA;TFS
  AFR1163;2022-03-12;PARIS/ CHARLES DE GAULLE;CDG;14:10;319;FRANCIA;TFS
  AFR1163;2022-03-07;PARIS/ CHARLES DE GAULLE;CDG;14:10;319;FRANCIA;TFS
  EJU3858;2022-03-12;PARIS/ CHARLES DE GAULLE;CDG;16:25;320;FRANCIA;TFS
  EJU3858;2022-03-08;PARIS/ CHARLES DE GAULLE;CDG;17:10;32Q;FRANCIA;TFS
  RYR7477;2022-03-10;PISA / GALILEO GALILEI;PSA;10:25;73H;ITALIA;TFS
  RYR7477;2022-03-12;PISA / GALILEO GALILEI;PSA;18:10;73H;ITALIA;TFS
  RYR7477;2022-03-08;PISA / GALILEO GALILEI;PSA;18:35;73H;ITALIA;TFS
  EWG4203;2022-03-09;PRAGA /RUZYNE;PRG;11:30;32A;REPUBLICA-CHECA;TFS
  EWG4203;2022-03-12;PRAGA /RUZYNE;PRG;13:10;319;REPUBLICA-CHECA;TFS
  TVS2037;2022-03-12;PRAGA /RUZYNE;PRG;17:40;73H;REPUBLICA-CHECA;TFS
  BTI762;2022-03-13;RIGA;RIX;14:10;223;LETONIA;TFS
  RYR246;2022-03-08;ROMA / FIUMICINO;FCO;10:15;73H;ITALIA;TFS
  RYR246;2022-03-12;ROMA / FIUMICINO;FCO;10:15;73H;ITALIA;TFS
  RYR246;2022-03-10;ROMA / FIUMICINO;FCO;10:35;73H;ITALIA;TFS
  WZZ8284;2022-03-11;ROMA / FIUMICINO;FCO;18:20;321;ITALIA;TFS
  TFL632;2022-03-13;ROTTERDAM;RTM;13:10;73H;HOLANDA;TFS
  TFL625;2022-03-10;ROTTERDAM;RTM;14:55;73H;HOLANDA;TFS
  TFL624;2022-03-09;ROTTERDAM;RTM;15:00;73H;HOLANDA;TFS
  EWG4377;2022-03-11;SALZBURGO /W. A. MOZART;SZG;11:30;32A;AUSTRIA;TFS
  RYR1123;2022-03-13;SANTIAGO-ROSALﾍA DE CASTRO;SCQ;9:00;73H;ESPANIA;TFS
  RYR1123;2022-03-10;SANTIAGO-ROSALﾍA DE CASTRO;SCQ;9:45;73H;ESPANIA;TFS
  RYR1123;2022-03-08;SANTIAGO-ROSALﾍA DE CASTRO;SCQ;18:15;73H;ESPANIA;TFS
  RYR1123;2022-03-12;SANTIAGO-ROSALﾍA DE CASTRO;SCQ;19:10;73H;ESPANIA;TFS
  RYR1123;2022-03-11;SANTIAGO-ROSALﾍA DE CASTRO;SCQ;20:00;73H;ESPANIA;TFS
  RYR1961;2022-03-09;SEVILLA;SVQ;9:20;73H;ESPANIA;TFS
  RYR1961;2022-03-07;SEVILLA;SVQ;9:30;73H;ESPANIA;TFS
  RYR1961;2022-03-11;SEVILLA;SVQ;14:50;73H;ESPANIA;TFS
  RYR1961;2022-03-13;SEVILLA;SVQ;19:35;73H;ESPANIA;TFS
  RYR1349;2022-03-08;SHANNON;SNN;12:10;73H;IRLANDA;TFS
  RYR1349;2022-03-12;SHANNON;SNN;12:10;73H;IRLANDA;TFS
  EWG2535;2022-03-13;STUTTGART/ ECHTERDINGEN;STR;10:45;319;ALEMANIA;TFS
  EWG2535;2022-03-12;STUTTGART/ ECHTERDINGEN;STR;13:30;32A;ALEMANIA;TFS
  TUI2219;2022-03-09;STUTTGART/ ECHTERDINGEN;STR;16:35;7S8;ALEMANIA;TFS
  EWG2535;2022-03-09;STUTTGART/ ECHTERDINGEN;STR;16:45;32A;ALEMANIA;TFS
  RYR4075;2022-03-12;TREVISO/S.ANGELO (MIL);TSF;15:35;73H;ITALIA;TFS
  RYR4075;2022-03-09;TREVISO/S.ANGELO (MIL);TSF;15:50;73H;ITALIA;TFS
  RYR1971;2022-03-08;VALENCIA;VLC;9:20;73H;ESPANIA;TFS
  RYR1971;2022-03-13;VALENCIA;VLC;9:55;73H;ESPANIA;TFS
  RYR1971;2022-03-10;VALENCIA;VLC;10:00;73H;ESPANIA;TFS
  RYR6122;2022-03-09;VARSOVIA/MODLIN;WMI;17:00;7M8;POLONIA;TFS
  RYR5030;2022-03-12;VARSOVIA/MODLIN;WMI;17:35;7M8;POLONIA;TFS
  NOS1351;2022-03-07;VERONA /VILLAFRANCA;VRN;14:25;7S8;ITALIA;TFS
  RYR4790;2022-03-12;VIENA  /INTERNACIONAL;VIE;11:10;320;AUSTRIA;TFS
  WZZ2832;2022-03-13;VIENA  /INTERNACIONAL;VIE;15:45;321;AUSTRIA;TFS
  WZZ2832;2022-03-10;VIENA  /INTERNACIONAL;VIE;15:55;321;AUSTRIA;TFS
  RYR4790;2022-03-13;VIENA  /INTERNACIONAL;VIE;16:10;320;AUSTRIA;TFS
  RYR4790;2022-03-09;VIENA  /INTERNACIONAL;VIE;16:40;320;AUSTRIA;TFS
  WZZ2832;2022-03-08;VIENA  /INTERNACIONAL;VIE;19:55;321;AUSTRIA;TFS
  RYR8769;2022-03-13;WEEZE;NRN;11:35;73H;ALEMANIA;TFS
  RYR8769;2022-03-09;WEEZE;NRN;13:15;73H;ALEMANIA;TFS
  EDW217;2022-03-12;ZURICH;ZRH;10:25;320;SUIZA;TFS
  EDW232;2022-03-13;ZURICH;ZRH;10:55;320;SUIZA;TFS
  EDW215;2022-03-09;ZURICH;ZRH;11:25;320;SUIZA;TFS
  EDW215;2022-03-11;ZURICH;ZRH;11:30;320;SUIZA;TFS
  CFG1175;2022-03-11;ZURICH;ZRH;13:45;320;SUIZA;TFS
  EDW215;2022-03-12;ZURICH;ZRH;17:05;320;SUIZA;TFS
  VKG1095;2022-03-13;AALBORG;AAL;13:45;32B;DINAMARCA;TFS
  CAT302;2022-03-12;AARHUS/TIRSTRUP;AAR;14:50;734;DINAMARCA;TFS
  TOM1719;2022-03-13;ABERDEEN/DYCE;ABZ;9:30;73H;REINO-UNIDO;TFS
  TOM1323;2022-03-09;ABERDEEN/DYCE;ABZ;9:40;73H;REINO-UNIDO;TFS
  SAS7540;2022-03-13;BERGEN/FLESLAND;BGO;15:05;73H;NORUEGA;TFS
  SDR3141;2022-03-10;BERLIN BRANDENBURG;BER;13:35;320;ALEMANIA;TFS
  SDR3101;2022-03-12;BERLIN BRANDENBURG;BER;15:15;320;ALEMANIA;TFS
  VKG1211;2022-03-08;BILLUND;BLL;12:40;32B;DINAMARCA;TFS
  JTD502;2022-03-12;BILLUND;BLL;13:45;73H;DINAMARCA;TFS
  NVR182;2022-03-13;BILLUND;BLL;14:50;32Q;DINAMARCA;TFS
  DTR673;2022-03-13;BILLUND;BLL;17:10;320;DINAMARCA;TFS
  TOM7337;2022-03-09;BIRMINGHAM / INTERNACIONAL;BHX;16:00;73H;REINO-UNIDO;TFS
  TOM7285;2022-03-08;BIRMINGHAM / INTERNACIONAL;BHX;16:40;7M8;REINO-UNIDO;TFS
  TOM7549;2022-03-11;BIRMINGHAM / INTERNACIONAL;BHX;16:40;7M8;REINO-UNIDO;TFS
  TOM7741;2022-03-13;BIRMINGHAM / INTERNACIONAL;BHX;18:45;7M8;REINO-UNIDO;TFS
  TOM6269;2022-03-08;BOURNEMOUTH  INTL;BOH;13:25;73H;REINO-UNIDO;TFS
  TOM6597;2022-03-11;BOURNEMOUTH  INTL;BOH;14:25;73H;REINO-UNIDO;TFS
  SDR3087;2022-03-10;BREMEN;BRE;14:10;320;ALEMANIA;TFS
  SDR3093;2022-03-12;BREMEN;BRE;14:50;320;ALEMANIA;TFS
  TOM6279;2022-03-08;BRISTOL;BRS;16:30;7M8;REINO-UNIDO;TFS
  TOM6509;2022-03-11;BRISTOL;BRS;16:40;7M8;REINO-UNIDO;TFS
  TOM6751;2022-03-13;BRISTOL;BRS;20:20;7M8;REINO-UNIDO;TFS
  CXI4993;2022-03-10;BRUSELAS;BRU;13:45;73H;BELGICA;TFS
  CXI7993;2022-03-13;BRUSELAS;BRU;15:10;73H;BELGICA;TFS
  TOM6555;2022-03-11;CARDIFF-WALES;CWL;15:50;7M8;REINO-UNIDO;TFS
  TOM6161;2022-03-07;CARDIFF-WALES;CWL;15:50;7M8;REINO-UNIDO;TFS
  TOM6287;2022-03-08;CARDIFF-WALES;CWL;19:30;7M8;REINO-UNIDO;TFS
  TVP7321;2022-03-10;CHOPINA W WARSZAWIE;WAW;14:15;73H;POLONIA;TFS
  FHM5126;2022-03-13;COLONIA/BONN;CGN;10:50;320;ALEMANIA;TFS
  FHM5126;2022-03-09;COLONIA/BONN;CGN;12:00;320;ALEMANIA;TFS
  VKG1123;2022-03-08;COPENHAGUE;CPH;12:50;32B;DINAMARCA;TFS
  SAS7712;2022-03-13;COPENHAGUE;CPH;13:10;321;DINAMARCA;TFS
  VKG1179;2022-03-13;COPENHAGUE;CPH;13:40;32B;DINAMARCA;TFS
  JTD318;2022-03-12;COPENHAGUE;CPH;13:45;73H;DINAMARCA;TFS
  JTD288;2022-03-08;COPENHAGUE;CPH;14:05;73H;DINAMARCA;TFS
  TOM3465;2022-03-10;DONCASTER SHEFFIELD ROBIN HOOD;DSA;14:10;73H;REINO-UNIDO;TFS
  TOM3547;2022-03-11;DONCASTER SHEFFIELD ROBIN HOOD;DSA;19:45;73H;REINO-UNIDO;TFS
  TOM3245;2022-03-08;DONCASTER SHEFFIELD ROBIN HOOD;DSA;20:10;73H;REINO-UNIDO;TFS
  SDR3037;2022-03-09;DRESDEN;DRS;13:45;320;ALEMANIA;TFS
  TOM1225;2022-03-08;DUBLIN;DUB;13:30;73H;IRLANDA;TFS
  TOM7129;2022-03-07;EAST MIDLANDS;EMA;15:30;73H;REINO-UNIDO;TFS
  TOM7581;2022-03-11;EAST MIDLANDS;EMA;15:35;73H;REINO-UNIDO;TFS
  TOM7261;2022-03-08;EAST MIDLANDS;EMA;19:50;73H;REINO-UNIDO;TFS
  TOM1265;2022-03-08;EDIMBURGO/ TURNHOUSE;EDI;13:30;73H;REINO-UNIDO;TFS
  TOM1577;2022-03-11;EDIMBURGO/ TURNHOUSE;EDI;16:40;73H;REINO-UNIDO;TFS
  BLX206;2022-03-13;ESTOCOLMO/ARLANDA;ARN;14:10;73H;SUECIA;TFS
  VKG1817;2022-03-13;ESTOCOLMO/ARLANDA;ARN;14:50;32B;SUECIA;TFS
  NVR178;2022-03-13;ESTOCOLMO/ARLANDA;ARN;14:50;32Q;SUECIA;TFS
  VKG1729;2022-03-08;ESTOCOLMO/ARLANDA;ARN;15:15;32B;SUECIA;TFS
  TOM6585;2022-03-11;EXETER;EXT;12:40;73H;REINO-UNIDO;TFS
  TOM6243;2022-03-08;EXETER;EXT;16:30;73H;REINO-UNIDO;TFS
  TOM1573;2022-03-11;GLASGOW /GLASGOW INTERNACIONAL;GLA;16:20;7M8;REINO-UNIDO;TFS
  BLX214;2022-03-12;GOTEBORG /LANDVETTER;GOT;13:35;73H;SUECIA;TFS
  VKG1727;2022-03-13;GOTEBORG /LANDVETTER;GOT;15:35;32B;SUECIA;TFS
  VKG1315;2022-03-13;HELSINKI / HELSINKI-VANTAA;HEL;13:05;32B;FINLANDIA;TFS
  VKG1305;2022-03-08;HELSINKI / HELSINKI-VANTAA;HEL;13:05;32B;FINLANDIA;TFS
  JTD916;2022-03-12;HELSINKI / HELSINKI-VANTAA;HEL;13:55;73H;FINLANDIA;TFS
  TVS4356;2022-03-13;JERSEY /STATES;JER;9:00;73H;REINO-UNIDO;TFS
  TOM5545;2022-03-11;LONDRES /LUTON APT;LTN;15:25;73H;REINO-UNIDO;TFS
  TOM5275;2022-03-08;LONDRES /STANSTED;STN;13:35;73H;REINO-UNIDO;TFS
  TOM5553;2022-03-11;LONDRES /STANSTED;STN;15:45;73H;REINO-UNIDO;TFS
  TOM4227;2022-03-08;LONDRES/GATWICK;LGW;13:50;73H;REINO-UNIDO;TFS
  TOM4535;2022-03-11;LONDRES/GATWICK;LGW;14:10;73H;REINO-UNIDO;TFS
  TOM4173;2022-03-07;LONDRES/GATWICK;LGW;14:35;7M8;REINO-UNIDO;TFS
  TOM4349;2022-03-09;LONDRES/GATWICK;LGW;14:45;7M8;REINO-UNIDO;TFS
  TOM4459;2022-03-10;LONDRES/GATWICK;LGW;16:05;7M8;REINO-UNIDO;TFS
  TOM4745;2022-03-13;LONDRES/GATWICK;LGW;18:55;7M8;REINO-UNIDO;TFS
  PVG3996;2022-03-11;MADRID-BARAJAS ADOLFO SUﾁREZ;MAD;13:00;321;ESPANIA;TFS
  VKG1457;2022-03-13;MALMO;MMX;15:45;32B;SUECIA;TFS
  TOM2355;2022-03-09;MANCHESTER /INTERNACIONAL;MAN;12:50;73H;REINO-UNIDO;TFS
  TOM2203;2022-03-08;MANCHESTER /INTERNACIONAL;MAN;14:30;76W;REINO-UNIDO;TFS
  TOM2107;2022-03-07;MANCHESTER /INTERNACIONAL;MAN;14:30;73H;REINO-UNIDO;TFS
  TOM2477;2022-03-10;MANCHESTER /INTERNACIONAL;MAN;14:40;73H;REINO-UNIDO;TFS
  TOM2589;2022-03-11;MANCHESTER /INTERNACIONAL;MAN;16:30;7M8;REINO-UNIDO;TFS
  TOM2777;2022-03-13;MANCHESTER /INTERNACIONAL;MAN;19:20;73H;REINO-UNIDO;TFS
  TOM1315;2022-03-09;NEWCASTLE;NCL;15:35;7M8;REINO-UNIDO;TFS
  TOM1711;2022-03-13;NEWCASTLE;NCL;19:00;7M8;REINO-UNIDO;TFS
  TOM1257;2022-03-08;NEWCASTLE;NCL;19:30;7M8;REINO-UNIDO;TFS
  TOM5529;2022-03-11;NORWICH;NWI;7:40;73H;REINO-UNIDO;TFS
  TOM5285;2022-03-08;NORWICH;NWI;10:10;73H;REINO-UNIDO;TFS
  SAS7408;2022-03-13;OSLO / GARDERMOEN;OSL;13:20;73H;NORUEGA;TFS
  NOZ9039;2022-03-12;OSLO / GARDERMOEN;OSL;13:45;73H;NORUEGA;TFS
  VKG1559;2022-03-13;OSLO / GARDERMOEN;OSL;15:50;32B;NORUEGA;TFS
  SAS7378;2022-03-13;STAVANGER /SOLA;SVG;15:50;32N;NORUEGA;TFS
  MYX572;2022-03-11;TALLINN /ULEMISTE;TLL;13:25;320;ESTONIA;TFS
  MYX572;2022-03-13;TALLINN /ULEMISTE;TLL;16:50;320;ESTONIA;TFS
  SAS7462;2022-03-13;TRONDHEIM /VAERNES;TRD;14:35;73W;NORUEGA;TFS
  NVD8002;2022-03-11;VILNIUS;VNO;12:35;320;LITUANIA;TFS
  GJT3302;2022-03-11;VILNIUS;VNO;12:45;320;LITUANIA;TFS
  GJT3302;2022-03-07;VILNIUS;VNO;13:55;320;LITUANIA;TFS
  EXS382;2022-03-11;BELFAST / INTERNACIONAL;BFS;13:55;73H;REINO-UNIDO;TFS
  EXS382;2022-03-10;BELFAST / INTERNACIONAL;BFS;13:55;73H;REINO-UNIDO;TFS
  EXS382;2022-03-08;BELFAST / INTERNACIONAL;BFS;13:55;73H;REINO-UNIDO;TFS
  EXS382;2022-03-07;BELFAST / INTERNACIONAL;BFS;13:55;73H;REINO-UNIDO;TFS
  EJU5916;2022-03-09;BERLIN BRANDENBURG;BER;16:05;320;ALEMANIA;TFS
  EJU5916;2022-03-08;BERLIN BRANDENBURG;BER;16:05;320;ALEMANIA;TFS
  EXS1266;2022-03-11;BIRMINGHAM / INTERNACIONAL;BHX;13:00;73H;REINO-UNIDO;TFS
  EXS1266;2022-03-08;BIRMINGHAM / INTERNACIONAL;BHX;13:00;73H;REINO-UNIDO;TFS
  EXS1266;2022-03-12;BIRMINGHAM / INTERNACIONAL;BHX;13:00;73H;REINO-UNIDO;TFS
  EXS1266;2022-03-10;BIRMINGHAM / INTERNACIONAL;BHX;13:00;73H;REINO-UNIDO;TFS
  EXS1266;2022-03-09;BIRMINGHAM / INTERNACIONAL;BHX;13:00;73H;REINO-UNIDO;TFS
  EXS1294;2022-03-12;BIRMINGHAM / INTERNACIONAL;BHX;19:55;73H;REINO-UNIDO;TFS
  EXS1294;2022-03-10;BIRMINGHAM / INTERNACIONAL;BHX;19:55;73H;REINO-UNIDO;TFS
  JAF1752;2022-03-11;BRUSELAS;BRU;10:25;7M8;BELGICA;TFS
  JAF1752;2022-03-07;BRUSELAS;BRU;10:25;7M8;BELGICA;TFS
  BEL3782;2022-03-10;BRUSELAS;BRU;11:55;320;BELGICA;TFS
  BEL3782;2022-03-08;BRUSELAS;BRU;11:55;320;BELGICA;TFS
  JAF1591;2022-03-12;BRUSELAS/CHARLEROI;CRL;13:10;7M8;BELGICA;TFS
  JAF1591;2022-03-09;BRUSELAS/CHARLEROI;CRL;13:10;7M8;BELGICA;TFS
  WZZ1496;2022-03-12;CHOPINA W WARSZAWIE;WAW;16:35;321;POLONIA;TFS
  WZZ1496;2022-03-08;CHOPINA W WARSZAWIE;WAW;16:35;321;POLONIA;TFS
  EWG253;2022-03-13;COLONIA/BONN;CGN;11:40;319;ALEMANIA;TFS
  EWG253;2022-03-12;COLONIA/BONN;CGN;11:40;319;ALEMANIA;TFS
  EWG253;2022-03-11;COLONIA/BONN;CGN;11:40;319;ALEMANIA;TFS
  EIN765;2022-03-13;DUBLIN;DUB;19:05;320;IRLANDA;TFS
  EIN765;2022-03-12;DUBLIN;DUB;19:05;320;IRLANDA;TFS
  EIN765;2022-03-10;DUBLIN;DUB;19:05;320;IRLANDA;TFS
  EIN765;2022-03-08;DUBLIN;DUB;19:05;320;IRLANDA;TFS
  RYR7123;2022-03-09;DUBLIN;DUB;19:20;7M8;IRLANDA;TFS
  RYR7123;2022-03-07;DUBLIN;DUB;19:20;7M8;IRLANDA;TFS
  EXS634;2022-03-13;EAST MIDLANDS;EMA;14:35;73H;REINO-UNIDO;TFS
  EXS634;2022-03-10;EAST MIDLANDS;EMA;14:35;73H;REINO-UNIDO;TFS
  EXS634;2022-03-08;EAST MIDLANDS;EMA;14:35;73H;REINO-UNIDO;TFS
  EXS634;2022-03-07;EAST MIDLANDS;EMA;14:35;73H;REINO-UNIDO;TFS
  EXS728;2022-03-11;EDIMBURGO/ TURNHOUSE;EDI;14:25;73H;REINO-UNIDO;TFS
  EXS728;2022-03-10;EDIMBURGO/ TURNHOUSE;EDI;14:25;73H;REINO-UNIDO;TFS
  EXS728;2022-03-08;EDIMBURGO/ TURNHOUSE;EDI;14:25;73H;REINO-UNIDO;TFS
  TUI2143;2022-03-12;FRANKFURT/INTERNACIONAL;FRA;13:15;7M8;ALEMANIA;TFS
  TUI2143;2022-03-10;FRANKFURT/INTERNACIONAL;FRA;13:15;7M8;ALEMANIA;TFS
  OCN307;2022-03-09;FRANKFURT/INTERNACIONAL;FRA;15:00;32A;ALEMANIA;TFS
  OCN307;2022-03-08;FRANKFURT/INTERNACIONAL;FRA;15:00;32A;ALEMANIA;TFS
  EXS156;2022-03-13;GLASGOW /GLASGOW INTERNACIONAL;GLA;14:25;73H;REINO-UNIDO;TFS
  EXS156;2022-03-11;GLASGOW /GLASGOW INTERNACIONAL;GLA;14:25;73H;REINO-UNIDO;TFS
  EXS156;2022-03-10;GLASGOW /GLASGOW INTERNACIONAL;GLA;14:25;73H;REINO-UNIDO;TFS
  EXS156;2022-03-09;GLASGOW /GLASGOW INTERNACIONAL;GLA;14:25;73H;REINO-UNIDO;TFS
  EXS156;2022-03-08;GLASGOW /GLASGOW INTERNACIONAL;GLA;14:25;73H;REINO-UNIDO;TFS
  EXS156;2022-03-07;GLASGOW /GLASGOW INTERNACIONAL;GLA;14:25;73H;REINO-UNIDO;TFS
  IBB156;2022-03-13;GRAN CANARIA;LPA;7:00;AT7;ESPANIA;TFS
  IBB156;2022-03-12;GRAN CANARIA;LPA;7:00;AT7;ESPANIA;TFS
  IBB156;2022-03-11;GRAN CANARIA;LPA;7:00;AT7;ESPANIA;TFS
  IBB156;2022-03-10;GRAN CANARIA;LPA;7:00;AT7;ESPANIA;TFS
  IBB156;2022-03-09;GRAN CANARIA;LPA;7:00;AT7;ESPANIA;TFS
  IBB156;2022-03-08;GRAN CANARIA;LPA;7:00;AT7;ESPANIA;TFS
  IBB156;2022-03-07;GRAN CANARIA;LPA;7:00;AT7;ESPANIA;TFS
  IBB150;2022-03-13;GRAN CANARIA;LPA;14:15;AT7;ESPANIA;TFS
  IBB150;2022-03-11;GRAN CANARIA;LPA;14:15;AT7;ESPANIA;TFS
  IBB150;2022-03-10;GRAN CANARIA;LPA;15:10;AT7;ESPANIA;TFS
  IBB150;2022-03-09;GRAN CANARIA;LPA;15:10;AT7;ESPANIA;TFS
  IBB150;2022-03-08;GRAN CANARIA;LPA;15:10;AT7;ESPANIA;TFS
  IBB150;2022-03-07;GRAN CANARIA;LPA;15:10;AT7;ESPANIA;TFS
  IBB154;2022-03-13;GRAN CANARIA;LPA;16:30;AT7;ESPANIA;TFS
  IBB154;2022-03-12;GRAN CANARIA;LPA;16:30;AT7;ESPANIA;TFS
  IBB154;2022-03-11;GRAN CANARIA;LPA;16:30;AT7;ESPANIA;TFS
  IBB154;2022-03-10;GRAN CANARIA;LPA;16:30;AT7;ESPANIA;TFS
  IBB154;2022-03-09;GRAN CANARIA;LPA;16:30;AT7;ESPANIA;TFS
  IBB154;2022-03-08;GRAN CANARIA;LPA;16:30;AT7;ESPANIA;TFS
  IBB154;2022-03-07;GRAN CANARIA;LPA;16:30;AT7;ESPANIA;TFS
  IBB128;2022-03-13;GRAN CANARIA;LPA;21:10;AT7;ESPANIA;TFS
  IBB128;2022-03-12;GRAN CANARIA;LPA;21:10;AT7;ESPANIA;TFS
  IBB128;2022-03-11;GRAN CANARIA;LPA;21:10;AT7;ESPANIA;TFS
  IBB128;2022-03-10;GRAN CANARIA;LPA;21:10;AT7;ESPANIA;TFS
  IBB128;2022-03-09;GRAN CANARIA;LPA;21:10;AT7;ESPANIA;TFS
  IBB128;2022-03-08;GRAN CANARIA;LPA;21:10;AT7;ESPANIA;TFS
  IBB128;2022-03-07;GRAN CANARIA;LPA;21:10;AT7;ESPANIA;TFS
  FIN1692;2022-03-13;HELSINKI / HELSINKI-VANTAA;HEL;13:50;32B;FINLANDIA;TFS
  FIN1692;2022-03-11;HELSINKI / HELSINKI-VANTAA;HEL;13:50;32B;FINLANDIA;TFS
  FIN1692;2022-03-09;HELSINKI / HELSINKI-VANTAA;HEL;13:50;32B;FINLANDIA;TFS
  FIN1694;2022-03-12;HELSINKI / HELSINKI-VANTAA;HEL;23:00;32B;FINLANDIA;TFS
  FIN1694;2022-03-10;HELSINKI / HELSINKI-VANTAA;HEL;23:00;32B;FINLANDIA;TFS
  FIN1694;2022-03-08;HELSINKI / HELSINKI-VANTAA;HEL;23:00;32B;FINLANDIA;TFS
  ICE581;2022-03-12;KEFLAVIK INTERNATIONAL;KEF;14:50;76W;ISLANDIA;TFS
  ICE581;2022-03-09;KEFLAVIK INTERNATIONAL;KEF;14:50;76W;ISLANDIA;TFS
  ICE583;2022-03-12;KEFLAVIK INTERNATIONAL;KEF;15:00;7M9;ISLANDIA;TFS
  ICE583;2022-03-09;KEFLAVIK INTERNATIONAL;KEF;15:00;7M9;ISLANDIA;TFS
  EXS224;2022-03-13;LEEDS /LEEDS-BRADFORD;LBA;14:00;73H;REINO-UNIDO;TFS
  EXS224;2022-03-11;LEEDS /LEEDS-BRADFORD;LBA;14:00;73H;REINO-UNIDO;TFS
  EXS224;2022-03-10;LEEDS /LEEDS-BRADFORD;LBA;14:00;73H;REINO-UNIDO;TFS
  EXS224;2022-03-07;LEEDS /LEEDS-BRADFORD;LBA;14:00;73H;REINO-UNIDO;TFS
  RYR2493;2022-03-12;LEEDS /LEEDS-BRADFORD;LBA;18:20;73H;REINO-UNIDO;TFS
  RYR2493;2022-03-08;LEEDS /LEEDS-BRADFORD;LBA;18:20;73H;REINO-UNIDO;TFS
  TAP1127;2022-03-13;LISBOA;LIS;14:15;E90;PORTUGAL;TFS
  TAP1127;2022-03-11;LISBOA;LIS;14:15;E90;PORTUGAL;TFS
  TAP1127;2022-03-09;LISBOA;LIS;14:15;E90;PORTUGAL;TFS
  RYR4347;2022-03-13;LIVERPOOL /INTERNACIONAL;LPL;11:10;73H;REINO-UNIDO;TFS
  RYR4347;2022-03-09;LIVERPOOL /INTERNACIONAL;LPL;11:10;73H;REINO-UNIDO;TFS
  BAW415;2022-03-09;LONDRES / HEATHROW;LHR;17:55;321;REINO-UNIDO;TFS
  BAW415;2022-03-07;LONDRES / HEATHROW;LHR;17:55;321;REINO-UNIDO;TFS
  EZY2038;2022-03-13;LONDRES /LUTON APT;LTN;12:15;320;REINO-UNIDO;TFS
  EZY2038;2022-03-07;LONDRES /LUTON APT;LTN;12:15;320;REINO-UNIDO;TFS
  RYR8167;2022-03-13;LONDRES /STANSTED;STN;11:20;7M8;REINO-UNIDO;TFS
  RYR8167;2022-03-12;LONDRES /STANSTED;STN;11:20;7M8;REINO-UNIDO;TFS
  RYR8167;2022-03-09;LONDRES /STANSTED;STN;11:20;7M8;REINO-UNIDO;TFS
  RYR8167;2022-03-08;LONDRES /STANSTED;STN;11:20;7M8;REINO-UNIDO;TFS
  EXS1664;2022-03-11;LONDRES /STANSTED;STN;15:30;73H;REINO-UNIDO;TFS
  EXS1664;2022-03-10;LONDRES /STANSTED;STN;15:30;73H;REINO-UNIDO;TFS
  EXS1664;2022-03-07;LONDRES /STANSTED;STN;15:30;73H;REINO-UNIDO;TFS
  EXS1664;2022-03-13;LONDRES /STANSTED;STN;15:30;73H;REINO-UNIDO;TFS
  EXS1664;2022-03-09;LONDRES /STANSTED;STN;15:30;73H;REINO-UNIDO;TFS
  EXS1664;2022-03-08;LONDRES /STANSTED;STN;15:30;73H;REINO-UNIDO;TFS
  EXS1494;2022-03-11;LONDRES /STANSTED;STN;16:40;73H;REINO-UNIDO;TFS
  EXS1494;2022-03-07;LONDRES /STANSTED;STN;16:40;73H;REINO-UNIDO;TFS
  RYR8157;2022-03-11;LONDRES /STANSTED;STN;18:05;7M8;REINO-UNIDO;TFS
  RYR8157;2022-03-10;LONDRES /STANSTED;STN;18:05;7M8;REINO-UNIDO;TFS
  RYR8157;2022-03-08;LONDRES /STANSTED;STN;18:05;7M8;REINO-UNIDO;TFS
  RYR8157;2022-03-13;LONDRES /STANSTED;STN;19:20;7M8;REINO-UNIDO;TFS
  RYR8157;2022-03-12;LONDRES /STANSTED;STN;19:20;7M8;REINO-UNIDO;TFS
  EZY8704;2022-03-11;LONDRES/GATWICK;LGW;13:20;32Q;REINO-UNIDO;TFS
  EZY8704;2022-03-09;LONDRES/GATWICK;LGW;13:20;32Q;REINO-UNIDO;TFS
  EZY8704;2022-03-08;LONDRES/GATWICK;LGW;13:20;32Q;REINO-UNIDO;TFS
  EZY8704;2022-03-13;LONDRES/GATWICK;LGW;13:20;32Q;REINO-UNIDO;TFS
  EZY8704;2022-03-07;LONDRES/GATWICK;LGW;13:20;32Q;REINO-UNIDO;TFS
  EZY8706;2022-03-11;LONDRES/GATWICK;LGW;19:05;32Q;REINO-UNIDO;TFS
  EZY8706;2022-03-09;LONDRES/GATWICK;LGW;19:05;32Q;REINO-UNIDO;TFS
  EZY8706;2022-03-07;LONDRES/GATWICK;LGW;19:05;32Q;REINO-UNIDO;TFS
  EZY8706;2022-03-10;LONDRES/GATWICK;LGW;19:05;32Q;REINO-UNIDO;TFS
  EZY8706;2022-03-08;LONDRES/GATWICK;LGW;19:05;32Q;REINO-UNIDO;TFS
  IBE3979;2022-03-10;MADRID-BARAJAS ADOLFO SUﾁREZ;MAD;11:00;320;ESPANIA;TFS
  IBE3979;2022-03-08;MADRID-BARAJAS ADOLFO SUﾁREZ;MAD;11:00;320;ESPANIA;TFS
  EZY1902;2022-03-13;MANCHESTER /INTERNACIONAL;MAN;12:20;320;REINO-UNIDO;TFS
  EZY1902;2022-03-11;MANCHESTER /INTERNACIONAL;MAN;12:20;320;REINO-UNIDO;TFS
  EXS772;2022-03-11;MANCHESTER /INTERNACIONAL;MAN;14:45;73H;REINO-UNIDO;TFS
  EXS772;2022-03-09;MANCHESTER /INTERNACIONAL;MAN;14:45;73H;REINO-UNIDO;TFS
  EXS918;2022-03-13;MANCHESTER /INTERNACIONAL;MAN;15:45;75W;REINO-UNIDO;TFS
  EXS918;2022-03-12;MANCHESTER /INTERNACIONAL;MAN;15:45;75W;REINO-UNIDO;TFS
  EXS918;2022-03-09;MANCHESTER /INTERNACIONAL;MAN;15:45;75W;REINO-UNIDO;TFS
  EXS918;2022-03-07;MANCHESTER /INTERNACIONAL;MAN;15:45;75W;REINO-UNIDO;TFS
  EXS756;2022-03-13;MANCHESTER /INTERNACIONAL;MAN;17:00;73H;REINO-UNIDO;TFS
  EXS756;2022-03-08;MANCHESTER /INTERNACIONAL;MAN;17:00;73H;REINO-UNIDO;TFS
  RYR4331;2022-03-09;MANCHESTER /INTERNACIONAL;MAN;19:00;73H;REINO-UNIDO;TFS
  RYR4331;2022-03-07;MANCHESTER /INTERNACIONAL;MAN;19:00;73H;REINO-UNIDO;TFS
  RYR1810;2022-03-11;MILAN /MALPENSA;MXP;10:20;7M8;ITALIA;TFS
  RYR1810;2022-03-07;MILAN /MALPENSA;MXP;10:20;7M8;ITALIA;TFS
  WZZ5516;2022-03-11;MILAN /MALPENSA;MXP;20:55;321;ITALIA;TFS
  WZZ5516;2022-03-07;MILAN /MALPENSA;MXP;20:55;321;ITALIA;TFS
  RYR8839;2022-03-11;MILAN/BERGAMO;BGY;11:25;7M8;ITALIA;TFS
  RYR8839;2022-03-09;MILAN/BERGAMO;BGY;11:25;7M8;ITALIA;TFS
  RYR8839;2022-03-13;MILAN/BERGAMO;BGY;11:25;7M8;ITALIA;TFS
  RYR8839;2022-03-12;MILAN/BERGAMO;BGY;11:25;7M8;ITALIA;TFS
  DLH1839;2022-03-12;MUNICH /FRANZ JOSEF STRAUSS;MUC;14:20;32N;ALEMANIA;TFS
  DLH1839;2022-03-10;MUNICH /FRANZ JOSEF STRAUSS;MUC;14:20;32N;ALEMANIA;TFS
  EXS518;2022-03-13;NEWCASTLE;NCL;14:45;73H;REINO-UNIDO;TFS
  EXS518;2022-03-11;NEWCASTLE;NCL;14:45;73H;REINO-UNIDO;TFS
  EXS518;2022-03-10;NEWCASTLE;NCL;14:45;73H;REINO-UNIDO;TFS
  EXS518;2022-03-07;NEWCASTLE;NCL;14:45;73H;REINO-UNIDO;TFS
  TVS2037;2022-03-11;PRAGA /RUZYNE;PRG;17:05;73J;REPUBLICA-CHECA;TFS
  TVS2037;2022-03-07;PRAGA /RUZYNE;PRG;17:05;73J;REPUBLICA-CHECA;TFS
  BTI762;2022-03-12;RIGA;RIX;14:10;223;LETONIA;TFS
  BTI762;2022-03-10;RIGA;RIX;14:10;223;LETONIA;TFS
  BTI762;2022-03-08;RIGA;RIX;14:10;223;LETONIA;TFS
  TUI2219;2022-03-12;STUTTGART/ ECHTERDINGEN;STR;16:35;7S8;ALEMANIA;TFS
  TUI2219;2022-03-10;STUTTGART/ ECHTERDINGEN;STR;16:35;7S8;ALEMANIA;TFS
  VOE2565;2022-03-13;TOULOUSE /BLAGNAC;TLS;10:30;319;FRANCIA;TFS
  VOE2565;2022-03-12;TOULOUSE /BLAGNAC;TLS;10:30;319;FRANCIA;TFS
  AUA9506;2022-03-12;VIENA  /INTERNACIONAL;VIE;16:45;321;AUSTRIA;TFS
  AUA9506;2022-03-10;VIENA  /INTERNACIONAL;VIE;16:45;321;AUSTRIA;TFS
  EDW215;2022-03-10;ZURICH;ZRH;14:00;320;SUIZA;TFS
  EDW215;2022-03-08;ZURICH;ZRH;14:00;320;SUIZA;TFS
  EDW215;2022-03-07;ZURICH;ZRH;14:00;320;SUIZA;TFS
